{
"lengthUnit": "mil",
"components": {
	"fields": ["COMPONENT_NO", "COMPONENT_NAME", "LAYER", "X_COORDINATE", "Y_COORDINATE", "ANGLE"],
	"rows": [
		[1, "H2", "T", 1100, -1100, 90],
		[2, "H3", "T", 1700, -1550, 0],
		[3, "U2", "T", 2250, -850, 90],
		[4, "U3", "T", 3050, -850, 90],
		[5, "U5", "T", 1450, -150, 0],
		[6, "U6", "T", 1200, -1550, 0]
	]
},
"pins": {
	"fields": ["PIN_NO", "PIN_NAME", "PIN_X", "PIN_Y", "LAYER", "PIN_TYPE", "NET_NAME", "NET_TYPE", "PAD_SHAPE", "PAD_SIZEX", "PAD_SIZEY", "HOLE_SIZE", "PAD_ANGLE"],
	"rows": [
		[1, "H2_1", 1100, -1200, "T", "DIP", "S1", "", "R", 66.93, 66.93, 43.31, 90],
		[2, "H2_1", 1100, -1200, "B", "DIP", "S1", "", "R", 66.93, 66.93, 43.31, 90],
		[3, "H2_2", 1100, -1100, "T", "DIP", "VCC", "", "C", 66.93, 66.93, 43.31, 90],
		[4, "H2_2", 1100, -1100, "B", "DIP", "VCC", "", "C", 66.93, 66.93, 43.31, 90],
		[5, "H2_3", 1100, -1000, "T", "DIP", "GND", "GND", "C", 66.93, 66.93, 43.31, 90],
		[6, "H2_3", 1100, -1000, "B", "DIP", "GND", "GND", "C", 66.93, 66.93, 43.31, 90],
		[7, "H3_1", 1550, -1550, "T", "DIP", "VCC", "", "R", 66.93, 66.93, 43.31, 0],
		[8, "H3_1", 1550, -1550, "B", "DIP", "VCC", "", "R", 66.93, 66.93, 43.31, 0],
		[9, "H3_2", 1650, -1550, "T", "DIP", "TRIG", "", "C", 66.93, 66.93, 43.31, 0],
		[10, "H3_2", 1650, -1550, "B", "DIP", "TRIG", "", "C", 66.93, 66.93, 43.31, 0],
		[11, "H3_3", 1750, -1550, "T", "DIP", "ECHO", "", "C", 66.93, 66.93, 43.31, 0],
		[12, "H3_3", 1750, -1550, "B", "DIP", "ECHO", "", "C", 66.93, 66.93, 43.31, 0],
		[13, "H3_4", 1850, -1550, "T", "DIP", "GND", "GND", "C", 66.93, 66.93, 43.31, 0],
		[14, "H3_4", 1850, -1550, "B", "DIP", "GND", "GND", "C", 66.93, 66.93, 43.31, 0],
		[15, "U2_1", 2250, -1550, "T", "DIP", "U2_1", "", "R", 66.93, 62, 43.31, 90],
		[16, "U2_1", 2250, -1550, "B", "DIP", "U2_1", "", "R", 66.93, 62, 43.31, 90],
		[17, "U2_2", 2250, -1450, "T", "DIP", "U2_2", "", "C", 66.93, 66.93, 43.31, 90],
		[18, "U2_2", 2250, -1450, "B", "DIP", "U2_2", "", "C", 66.93, 66.93, 43.31, 90],
		[19, "U2_3", 2250, -1350, "T", "DIP", "U2_3", "", "C", 66.93, 66.93, 43.31, 90],
		[20, "U2_3", 2250, -1350, "B", "DIP", "U2_3", "", "C", 66.93, 66.93, 43.31, 90],
		[21, "U2_4", 2250, -1250, "T", "DIP", "U2_4", "", "C", 66.93, 66.93, 43.31, 90],
		[22, "U2_4", 2250, -1250, "B", "DIP", "U2_4", "", "C", 66.93, 66.93, 43.31, 90],
		[23, "U2_5", 2250, -1150, "T", "DIP", "U2_5", "", "C", 66.93, 66.93, 43.31, 90],
		[24, "U2_5", 2250, -1150, "B", "DIP", "U2_5", "", "C", 66.93, 66.93, 43.31, 90],
		[25, "U2_6", 2250, -1050, "T", "DIP", "U2_6", "", "C", 66.93, 66.93, 43.31, 90],
		[26, "U2_6", 2250, -1050, "B", "DIP", "U2_6", "", "C", 66.93, 66.93, 43.31, 90],
		[27, "U2_7", 2250, -950, "T", "DIP", "U2_7", "", "C", 66.93, 66.93, 43.31, 90],
		[28, "U2_7", 2250, -950, "B", "DIP", "U2_7", "", "C", 66.93, 66.93, 43.31, 90],
		[29, "U2_8", 2250, -850, "T", "DIP", "U2_8", "", "C", 66.93, 66.93, 43.31, 90],
		[30, "U2_8", 2250, -850, "B", "DIP", "U2_8", "", "C", 66.93, 66.93, 43.31, 90],
		[31, "U2_9", 2250, -750, "T", "DIP", "U2_9", "", "C", 66.93, 66.93, 43.31, 90],
		[32, "U2_9", 2250, -750, "B", "DIP", "U2_9", "", "C", 66.93, 66.93, 43.31, 90],
		[33, "U2_10", 2250, -650, "T", "DIP", "IO", "", "C", 66.93, 66.93, 43.31, 90],
		[34, "U2_10", 2250, -650, "B", "DIP", "IO", "", "C", 66.93, 66.93, 43.31, 90],
		[35, "U2_11", 2250, -550, "T", "DIP", "U2_11", "", "C", 66.93, 66.93, 43.31, 90],
		[36, "U2_11", 2250, -550, "B", "DIP", "U2_11", "", "C", 66.93, 66.93, 43.31, 90],
		[37, "U2_12", 2250, -450, "T", "DIP", "U2_12", "", "C", 66.93, 66.93, 43.31, 90],
		[38, "U2_12", 2250, -450, "B", "DIP", "U2_12", "", "C", 66.93, 66.93, 43.31, 90],
		[39, "U2_13", 2250, -350, "T", "DIP", "U2_13", "", "C", 66.93, 66.93, 43.31, 90],
		[40, "U2_13", 2250, -350, "B", "DIP", "U2_13", "", "C", 66.93, 66.93, 43.31, 90],
		[41, "U2_14", 2250, -250, "T", "DIP", "GND", "GND", "C", 66.93, 66.93, 43.31, 90],
		[42, "U2_14", 2250, -250, "B", "DIP", "GND", "GND", "C", 66.93, 66.93, 43.31, 90],
		[43, "U2_15", 2250, -150, "T", "DIP", "BLK", "", "C", 66.93, 66.93, 43.31, 90],
		[44, "U2_15", 2250, -150, "B", "DIP", "BLK", "", "C", 66.93, 66.93, 43.31, 90],
		[45, "U3_1", 3050, -1550, "T", "DIP", "SDA", "", "R", 66.93, 62, 43.31, 90],
		[46, "U3_1", 3050, -1550, "B", "DIP", "SDA", "", "R", 66.93, 62, 43.31, 90],
		[47, "U3_2", 3050, -1450, "T", "DIP", "SCL-VL53L", "", "C", 66.93, 66.93, 43.31, 90],
		[48, "U3_2", 3050, -1450, "B", "DIP", "SCL-VL53L", "", "C", 66.93, 66.93, 43.31, 90],
		[49, "U3_3", 3050, -1350, "T", "DIP", "SDA-VL53L", "", "C", 66.93, 66.93, 43.31, 90],
		[50, "U3_3", 3050, -1350, "B", "DIP", "SDA-VL53L", "", "C", 66.93, 66.93, 43.31, 90],
		[51, "U3_4", 3050, -1250, "T", "DIP", "U3_4", "", "C", 66.93, 66.93, 43.31, 90],
		[52, "U3_4", 3050, -1250, "B", "DIP", "U3_4", "", "C", 66.93, 66.93, 43.31, 90],
		[53, "U3_5", 3050, -1150, "T", "DIP", "ECHO", "", "C", 66.93, 66.93, 43.31, 90],
		[54, "U3_5", 3050, -1150, "B", "DIP", "ECHO", "", "C", 66.93, 66.93, 43.31, 90],
		[55, "U3_6", 3050, -1050, "T", "DIP", "TRIG", "", "C", 66.93, 66.93, 43.31, 90],
		[56, "U3_6", 3050, -1050, "B", "DIP", "TRIG", "", "C", 66.93, 66.93, 43.31, 90],
		[57, "U3_7", 3050, -950, "T", "DIP", "SCL", "", "C", 66.93, 66.93, 43.31, 90],
		[58, "U3_7", 3050, -950, "B", "DIP", "SCL", "", "C", 66.93, 66.93, 43.31, 90],
		[59, "U3_8", 3050, -850, "T", "DIP", "CS", "", "C", 66.93, 66.93, 43.31, 90],
		[60, "U3_8", 3050, -850, "B", "DIP", "CS", "", "C", 66.93, 66.93, 43.31, 90],
		[61, "U3_9", 3050, -750, "T", "DIP", "U3_9", "", "C", 66.93, 66.93, 43.31, 90],
		[62, "U3_9", 3050, -750, "B", "DIP", "U3_9", "", "C", 66.93, 66.93, 43.31, 90],
		[63, "U3_10", 3050, -650, "T", "DIP", "U3_10", "", "C", 66.93, 66.93, 43.31, 90],
		[64, "U3_10", 3050, -650, "B", "DIP", "U3_10", "", "C", 66.93, 66.93, 43.31, 90],
		[65, "U3_11", 3050, -550, "T", "DIP", "S1", "", "C", 66.93, 66.93, 43.31, 90],
		[66, "U3_11", 3050, -550, "B", "DIP", "S1", "", "C", 66.93, 66.93, 43.31, 90],
		[67, "U3_12", 3050, -450, "T", "DIP", "DC", "", "C", 66.93, 66.93, 43.31, 90],
		[68, "U3_12", 3050, -450, "B", "DIP", "DC", "", "C", 66.93, 66.93, 43.31, 90],
		[69, "U3_13", 3050, -350, "T", "DIP", "RES", "", "C", 66.93, 66.93, 43.31, 90],
		[70, "U3_13", 3050, -350, "B", "DIP", "RES", "", "C", 66.93, 66.93, 43.31, 90],
		[71, "U3_14", 3050, -250, "T", "DIP", "U3_14", "", "C", 66.93, 66.93, 43.31, 90],
		[72, "U3_14", 3050, -250, "B", "DIP", "U3_14", "", "C", 66.93, 66.93, 43.31, 90],
		[73, "U3_15", 3050, -150, "T", "DIP", "VCC", "", "C", 66.93, 66.93, 43.31, 90],
		[74, "U3_15", 3050, -150, "B", "DIP", "VCC", "", "C", 66.93, 66.93, 43.31, 90],
		[75, "U5_1", 1100, -150, "T", "DIP", "GND", "GND", "R", 62, 66.93, 43.31, 0],
		[76, "U5_1", 1100, -150, "B", "DIP", "GND", "GND", "R", 62, 66.93, 43.31, 0],
		[77, "U5_2", 1200, -150, "T", "DIP", "VCC", "", "C", 66.93, 66.93, 43.31, 0],
		[78, "U5_2", 1200, -150, "B", "DIP", "VCC", "", "C", 66.93, 66.93, 43.31, 0],
		[79, "U5_3", 1300, -150, "T", "DIP", "SCL", "", "C", 66.93, 66.93, 43.31, 0],
		[80, "U5_3", 1300, -150, "B", "DIP", "SCL", "", "C", 66.93, 66.93, 43.31, 0],
		[81, "U5_4", 1400, -150, "T", "DIP", "SDA", "", "C", 66.93, 66.93, 43.31, 0],
		[82, "U5_4", 1400, -150, "B", "DIP", "SDA", "", "C", 66.93, 66.93, 43.31, 0],
		[83, "U5_5", 1500, -150, "T", "DIP", "RES", "", "C", 66.93, 66.93, 43.31, 0],
		[84, "U5_5", 1500, -150, "B", "DIP", "RES", "", "C", 66.93, 66.93, 43.31, 0],
		[85, "U5_6", 1600, -150, "T", "DIP", "DC", "", "C", 66.93, 66.93, 43.31, 0],
		[86, "U5_6", 1600, -150, "B", "DIP", "DC", "", "C", 66.93, 66.93, 43.31, 0],
		[87, "U5_7", 1700, -150, "T", "DIP", "CS", "", "C", 66.93, 66.93, 43.31, 0],
		[88, "U5_7", 1700, -150, "B", "DIP", "CS", "", "C", 66.93, 66.93, 43.31, 0],
		[89, "U5_8", 1800, -150, "T", "DIP", "BLK", "", "C", 66.93, 66.93, 43.31, 0],
		[90, "U5_8", 1800, -150, "B", "DIP", "BLK", "", "C", 66.93, 66.93, 43.31, 0],
		[91, "U6_1", 1100, -1550, "T", "DIP", "VCC", "", "R", 62, 62, 40.16, 0],
		[92, "U6_1", 1100, -1550, "B", "DIP", "VCC", "", "R", 62, 62, 40.16, 0],
		[93, "U6_2", 1200, -1550, "T", "DIP", "IO", "", "C", 62, 62, 40.16, 0],
		[94, "U6_2", 1200, -1550, "B", "DIP", "IO", "", "C", 62, 62, 40.16, 0],
		[95, "U6_3", 1300, -1550, "T", "DIP", "GND", "GND", "C", 62, 62, 40.16, 0],
		[96, "U6_3", 1300, -1550, "B", "DIP", "GND", "GND", "C", 62, 62, 40.16, 0]
	]
}
}